Time,Light,PMA 0.5 uM (1),PMA 0.5 uM (2),PMA 0.5 uM (3),PMA 0.5 uM (4),PMA 1 uM (1),PMA 1 uM (2),PMA 1 uM (3),PMA 1 uM (4),PMA 3 uM (1),PMA 3 uM (2),PMA 3 uM (3),PMA 3 uM (4),EGF 30 ng/ml (1),EGF 30 ng/ml (2),EGF 30 ng/ml (3),EGF 30 ng/ml (4),EGF 50 ng/ml (1),EGF 50 ng/ml (2),EGF 50 ng/ml (3),EGF 50 ng/ml (4),EGF 80 ng/ml (1),EGF 80 ng/ml (2),EGF 80 ng/ml (3),EGF 80 ng/ml (4),Ro-318220 2 uM (1),Ro-318220 2 uM (2),Ro-318220 2 uM (3),Ro-318220 2 uM (4),Ro-318220 5 uM (1),Ro-318220 5 uM (2),Ro-318220 5 uM (3),Ro-318220 5 uM (4),Ro-318220 8 uM (1),Ro-318220 8 uM (2),Ro-318220 8 uM (3),Ro-318220 8 uM (4),Control DMSO (1),Control DMSO (2),Control DMSO (3),Control DMSO (4)
1.5450000000000017,0.0,5441.0,5627.0,5755.0,5804.0,3564.0,5554.0,5709.0,5504.0,4957.0,5046.0,5213.0,5243.0,4345.0,4746.0,4489.0,4536.0,4427.0,4488.0,4559.0,4829.0,6125.0,6100.0,6116.0,6189.0,7080.0,6945.0,6898.0,7364.0,6832.0,7232.0,6757.0,7057.0,6868.0,7255.0,6884.0,7209.0,8441.0,8225.0,8139.0,7814.0
2.575000000000001,0.0,4839.0,5052.0,5009.0,5052.0,3107.0,4938.0,5000.0,4811.0,4416.0,4445.0,4652.0,4607.0,3700.0,4055.0,3779.0,3888.0,3804.0,3857.0,3886.0,4145.0,5195.0,5252.0,5289.0,5314.0,5852.0,5705.0,5609.0,5989.0,5930.0,6425.0,5782.0,5973.0,6100.0,6477.0,6039.0,6334.0,7295.0,7007.0,6875.0,6732.0
3.6050000000000004,0.0,4171.0,4288.0,4264.0,4325.0,2659.0,4188.0,4279.0,4109.0,3823.0,3855.0,3970.0,4027.0,3200.0,3866.0,3339.0,3355.0,3336.0,3345.0,3398.0,3616.0,4589.0,4520.0,4589.0,4634.0,4814.0,4777.0,4545.0,4989.0,4982.0,5318.0,4873.0,5005.0,5166.0,5568.0,5123.0,5482.0,6207.0,6018.0,5950.0,5727.0
4.635000000000002,0.0,3434.0,3591.0,3516.0,3580.0,2273.0,3498.0,3577.0,3391.0,3157.0,3218.0,3321.0,3402.0,2763.0,3039.0,2968.0,2979.0,2905.0,2977.0,2957.0,3079.0,4034.0,3968.0,4045.0,4098.0,3936.0,3941.0,3698.0,4091.0,4025.0,4377.0,3945.0,4084.0,4295.0,4557.0,4189.0,4459.0,5359.0,5214.0,5141.0,4920.0
5.665000000000003,0.0,2832.0,2945.0,2907.0,2986.0,1941.0,2898.0,2923.0,2746.0,2614.0,2679.0,2798.0,2830.0,2439.0,2664.0,2568.0,2613.0,2554.0,2638.0,2613.0,2798.0,3593.0,3552.0,3566.0,3666.0,3352.0,3241.0,3032.0,3368.0,3266.0,3552.0,3209.0,3377.0,3541.0,3784.0,3375.0,3711.0,4934.0,4745.0,4595.0,4505.0
6.695,0.0,2329.0,2471.0,2370.0,2493.0,1711.0,2375.0,2452.0,2346.0,2211.0,2246.0,2352.0,2395.0,2307.0,2509.0,2414.0,2445.0,2473.0,2470.0,2454.0,2641.0,3316.0,3311.0,3332.0,3464.0,2827.0,2730.0,2636.0,2845.0,2684.0,2900.0,2698.0,2832.0,2966.0,3086.0,2839.0,2968.0,5086.0,4884.0,4766.0,4502.0
7.725000000000001,0.0,1980.0,2071.0,2055.0,2102.0,1521.0,2027.0,2068.0,1950.0,1829.0,1907.0,2016.0,2036.0,2255.0,2445.0,2423.0,2466.0,2488.0,2498.0,2459.0,2652.0,3316.0,3352.0,3470.0,3589.0,2361.0,2373.0,2205.0,2459.0,2284.0,2489.0,2280.0,2452.0,2507.0,2607.0,2434.0,2502.0,5818.0,5564.0,5414.0,5141.0
8.755000000000003,0.0,1798.0,1816.0,1800.0,1841.0,1389.0,1800.0,1896.0,1768.0,1638.0,1705.0,1770.0,1804.0,2496.0,2730.0,2698.0,2777.0,2852.0,2832.0,2880.0,3007.0,3795.0,3784.0,4016.0,4102.0,2075.0,2023.0,1939.0,2111.0,2036.0,2139.0,2005.0,2118.0,2170.0,2277.0,2068.0,2207.0,7291.0,7014.0,6802.0,6502.0
9.785,0.0,1634.0,1668.0,1696.0,1727.0,1454.0,1720.0,1830.0,1659.0,1566.0,1570.0,1764.0,1729.0,2982.0,3364.0,3307.0,3314.0,3413.0,3388.0,3461.0,3643.0,4616.0,4614.0,4864.0,4909.0,1861.0,1814.0,1707.0,1855.0,1780.0,1936.0,1839.0,1889.0,1950.0,2034.0,1882.0,1961.0,9180.0,8857.0,8527.0,8241.0
10.815000000000001,0.0,1623.0,1727.0,1730.0,1809.0,1659.0,1796.0,1964.0,1763.0,1530.0,1600.0,1807.0,1791.0,3648.0,4005.0,3975.0,3986.0,4127.0,4129.0,4168.0,4438.0,5514.0,5505.0,5895.0,6089.0,1666.0,1589.0,1532.0,1657.0,1655.0,1773.0,1670.0,1745.0,1759.0,1859.0,1680.0,1755.0,10766.0,10375.0,10116.0,9811.0
11.845000000000002,0.0,1848.0,1913.0,2018.0,2027.0,2014.0,2057.0,2255.0,2029.0,1795.0,1795.0,1952.0,2052.0,4388.0,4770.0,4754.0,4746.0,4936.0,4968.0,4980.0,5305.0,6691.0,6668.0,7036.0,7100.0,1541.0,1534.0,1423.0,1518.0,1532.0,1614.0,1520.0,1566.0,1630.0,1702.0,1559.0,1661.0,12195.0,11891.0,11470.0,11289.0
12.875,1.0,2170.0,2307.0,2304.0,2425.0,2616.0,2536.0,2782.0,2530.0,2120.0,2213.0,2420.0,2402.0,5220.0,5689.0,5609.0,5575.0,5868.0,5818.0,5923.0,6279.0,7880.0,7825.0,8136.0,8211.0,1466.0,1468.0,1430.0,1489.0,1407.0,1516.0,1445.0,1430.0,1523.0,1611.0,1514.0,1552.0,13205.0,12800.0,12514.0,12325.0
13.905000000000001,1.0,2730.0,2864.0,2914.0,2941.0,3273.0,3091.0,3371.0,3159.0,2671.0,2750.0,2930.0,3034.0,6063.0,6525.0,6573.0,6446.0,6686.0,6780.0,6798.0,7255.0,9098.0,8936.0,9325.0,9339.0,1457.0,1448.0,1341.0,1489.0,1330.0,1441.0,1368.0,1361.0,1450.0,1470.0,1411.0,1493.0,14223.0,13736.0,13441.0,13155.0
14.935000000000002,1.0,3368.0,3495.0,3593.0,3636.0,4109.0,3773.0,4084.0,3955.0,3320.0,3370.0,3566.0,3725.0,6795.0,7345.0,7377.0,7313.0,7504.0,7825.0,7711.0,8311.0,10361.0,10443.0,10466.0,10618.0,1457.0,1477.0,1343.0,1459.0,1264.0,1330.0,1275.0,1298.0,1400.0,1468.0,1323.0,1432.0,14711.0,14130.0,14025.0,13909.0
15.965,1.0,3889.0,4125.0,4079.0,4107.0,4777.0,4302.0,4614.0,4441.0,3873.0,3877.0,4066.0,4236.0,7379.0,7938.0,7879.0,7866.0,8004.0,8271.0,8236.0,8768.0,11150.0,11130.0,11309.0,11295.0,1523.0,1502.0,1420.0,1482.0,1205.0,1298.0,1261.0,1230.0,1295.0,1370.0,1252.0,1289.0,14602.0,14157.0,13966.0,14059.0
16.995,1.0,4061.0,4182.0,4282.0,4220.0,4807.0,4398.0,4630.0,4457.0,4005.0,4041.0,4252.0,4350.0,7407.0,7852.0,7882.0,7804.0,7805.0,8080.0,7986.0,8595.0,11182.0,10914.0,11250.0,11241.0,1641.0,1664.0,1511.0,1611.0,1175.0,1214.0,1209.0,1214.0,1302.0,1284.0,1225.0,1300.0,13730.0,13218.0,12970.0,13075.0
18.025000000000002,1.0,4025.0,4184.0,4193.0,4125.0,4743.0,4311.0,4613.0,4270.0,4077.0,4073.0,4211.0,4304.0,7102.0,7543.0,7480.0,7386.0,7473.0,7582.0,7464.0,8071.0,10611.0,10523.0,10655.0,10734.0,1811.0,1884.0,1725.0,1795.0,1109.0,1207.0,1148.0,1125.0,1177.0,1207.0,1164.0,1225.0,12520.0,11882.0,11752.0,11734.0
19.055,1.0,3914.0,4120.0,4073.0,4052.0,4702.0,4245.0,4411.0,4141.0,4039.0,4016.0,4198.0,4298.0,6707.0,7270.0,7191.0,7002.0,7046.0,7238.0,6964.0,7363.0,10086.0,9977.0,10091.0,10011.0,2098.0,2095.0,1966.0,2093.0,1066.0,1093.0,1114.0,1070.0,1111.0,1141.0,1114.0,1159.0,11100.0,10764.0,10530.0,10457.0
20.085,1.0,3952.0,4105.0,4059.0,3993.0,4655.0,4170.0,4336.0,4039.0,3993.0,4118.0,4220.0,4246.0,6373.0,6907.0,6729.0,6579.0,6693.0,6634.0,6486.0,6702.0,9523.0,9452.0,9473.0,9384.0,2495.0,2541.0,2330.0,2477.0,991.0,1125.0,1070.0,1050.0,1095.0,1132.0,1030.0,1118.0,9805.0,9432.0,9141.0,9118.0
21.115000000000002,1.0,4034.0,4066.0,4116.0,4025.0,4596.0,4254.0,4318.0,3916.0,4111.0,4173.0,4245.0,4329.0,6018.0,6611.0,6423.0,6279.0,6180.0,6234.0,6007.0,6130.0,8757.0,8861.0,8832.0,8877.0,3095.0,3007.0,2811.0,2991.0,1014.0,1020.0,1018.0,1016.0,1064.0,1052.0,1020.0,1045.0,8684.0,8214.0,8009.0,7964.0
22.145000000000003,1.0,4013.0,4071.0,4052.0,3936.0,4539.0,4129.0,4211.0,3730.0,4214.0,4225.0,4250.0,4332.0,5530.0,6023.0,5941.0,5673.0,5711.0,5704.0,5325.0,5350.0,8118.0,8068.0,8002.0,8005.0,3648.0,3545.0,3373.0,3684.0,964.0,1011.0,991.0,966.0,998.0,1039.0,980.0,1027.0,7405.0,7098.0,6875.0,6816.0
23.175000000000004,1.0,3963.0,4039.0,3989.0,3964.0,4364.0,4020.0,4048.0,3541.0,4138.0,4246.0,4173.0,4232.0,5050.0,5548.0,5418.0,5263.0,5127.0,5127.0,4805.0,4786.0,7436.0,7427.0,7366.0,7184.0,4491.0,4386.0,4084.0,4427.0,950.0,961.0,957.0,950.0,966.0,1002.0,966.0,1007.0,6402.0,6173.0,6000.0,5841.0
24.205,1.0,3852.0,3995.0,3896.0,3752.0,4107.0,3802.0,3841.0,3273.0,4029.0,4071.0,4032.0,4145.0,4605.0,5009.0,5021.0,4768.0,4711.0,4618.0,4288.0,4275.0,6714.0,6752.0,6566.0,6500.0,5293.0,5084.0,4970.0,5266.0,900.0,927.0,907.0,936.0,916.0,959.0,895.0,977.0,5516.0,5289.0,5123.0,5027.0
25.235,1.0,3750.0,3779.0,3702.0,3652.0,3975.0,3695.0,3650.0,3116.0,3936.0,4061.0,3925.0,4048.0,4193.0,4723.0,4595.0,4338.0,4282.0,4234.0,3898.0,3805.0,6107.0,6145.0,5939.0,5936.0,6270.0,5866.0,5800.0,6102.0,914.0,930.0,923.0,905.0,970.0,955.0,923.0,932.0,4882.0,4609.0,4450.0,4430.0
26.265,1.0,3641.0,3743.0,3696.0,3534.0,3770.0,3595.0,3438.0,2968.0,3827.0,3959.0,3895.0,3839.0,3825.0,4332.0,4225.0,4004.0,3932.0,3843.0,3546.0,3457.0,5657.0,5666.0,5539.0,5361.0,7032.0,6668.0,6589.0,6798.0,889.0,886.0,920.0,895.0,948.0,959.0,918.0,927.0,4320.0,4107.0,3900.0,3823.0
27.295,1.0,3525.0,3570.0,3523.0,3389.0,3646.0,3404.0,3291.0,2741.0,3693.0,3870.0,3771.0,3771.0,3466.0,4023.0,3873.0,3723.0,3589.0,3559.0,3220.0,3157.0,5182.0,5230.0,5098.0,4973.0,7700.0,7227.0,7161.0,7325.0,895.0,859.0,859.0,882.0,916.0,891.0,866.0,895.0,3757.0,3591.0,3477.0,3409.0
28.325000000000003,1.0,3502.0,3548.0,3495.0,3271.0,3539.0,3391.0,3263.0,2705.0,3655.0,3846.0,3695.0,3759.0,3311.0,3827.0,3696.0,3563.0,3514.0,3323.0,3030.0,2920.0,4823.0,4870.0,4707.0,4675.0,8325.0,7593.0,7800.0,7823.0,850.0,870.0,848.0,857.0,836.0,873.0,836.0,893.0,3386.0,3225.0,3114.0,3016.0
29.355000000000004,1.0,3559.0,3579.0,3518.0,3325.0,3566.0,3427.0,3270.0,2771.0,3673.0,3898.0,3736.0,3696.0,3288.0,3752.0,3641.0,3473.0,3373.0,3323.0,2941.0,2913.0,4739.0,4839.0,4695.0,4473.0,8741.0,7843.0,8134.0,8014.0,805.0,852.0,857.0,861.0,852.0,866.0,834.0,864.0,3141.0,3041.0,2882.0,2836.0
30.384999999999998,1.0,3693.0,3745.0,3559.0,3404.0,3613.0,3521.0,3346.0,2829.0,3788.0,3964.0,3800.0,3843.0,3352.0,3866.0,3700.0,3636.0,3450.0,3423.0,3000.0,2941.0,4873.0,5020.0,4739.0,4548.0,9064.0,8064.0,8241.0,8120.0,861.0,864.0,818.0,855.0,850.0,848.0,805.0,823.0,3118.0,2986.0,2877.0,2727.0
31.415,1.0,3895.0,3988.0,3839.0,3623.0,3877.0,3725.0,3575.0,3082.0,3950.0,4164.0,3945.0,4009.0,3602.0,4193.0,4084.0,3870.0,3789.0,3707.0,3321.0,3241.0,5216.0,5352.0,5100.0,4907.0,9050.0,8039.0,8291.0,7950.0,807.0,823.0,820.0,823.0,809.0,836.0,786.0,807.0,3236.0,3084.0,2941.0,2798.0
32.445,1.0,4239.0,4311.0,4129.0,3932.0,4152.0,4079.0,3884.0,3334.0,4250.0,4446.0,4313.0,4309.0,4089.0,4752.0,4625.0,4377.0,4270.0,4234.0,3770.0,3734.0,5850.0,6025.0,5661.0,5459.0,8959.0,7986.0,8220.0,7900.0,811.0,827.0,820.0,809.0,827.0,807.0,807.0,805.0,3550.0,3482.0,3195.0,3143.0
33.475,1.0,4673.0,4732.0,4584.0,4334.0,4577.0,4438.0,4364.0,3764.0,4555.0,4775.0,4618.0,4650.0,4602.0,5454.0,5284.0,5073.0,4964.0,4852.0,4445.0,4230.0,6718.0,7073.0,6575.0,6302.0,8802.0,7793.0,8068.0,7639.0,784.0,823.0,807.0,823.0,800.0,791.0,782.0,805.0,3927.0,3839.0,3675.0,3536.0
34.505,1.0,5150.0,5282.0,5039.0,4855.0,4973.0,5013.0,4864.0,4270.0,4934.0,5264.0,5071.0,5048.0,5379.0,6254.0,6057.0,5811.0,5695.0,5641.0,5052.0,5013.0,7848.0,8152.0,7498.0,7214.0,8491.0,7600.0,7659.0,7316.0,795.0,820.0,841.0,818.0,786.0,793.0,780.0,805.0,4511.0,4375.0,4186.0,3957.0
35.535000000000004,1.0,5743.0,5921.0,5568.0,5359.0,5461.0,5554.0,5352.0,4779.0,5455.0,5796.0,5484.0,5573.0,6214.0,7125.0,6880.0,6570.0,6509.0,6380.0,5875.0,5684.0,8909.0,9302.0,8625.0,8164.0,8227.0,7343.0,7434.0,6952.0,807.0,809.0,857.0,827.0,775.0,784.0,741.0,786.0,5070.0,5066.0,4802.0,4532.0
36.565,0.0,6302.0,6488.0,6152.0,5893.0,5813.0,6025.0,5896.0,5280.0,5902.0,6150.0,5938.0,5998.0,6905.0,7873.0,7764.0,7395.0,7179.0,7121.0,6557.0,6325.0,10080.0,10309.0,9632.0,9132.0,7934.0,7048.0,7030.0,6702.0,805.0,800.0,798.0,820.0,752.0,800.0,741.0,745.0,5564.0,5507.0,5320.0,4964.0
37.595,0.0,6934.0,7157.0,6773.0,6464.0,6171.0,6621.0,6507.0,5759.0,6445.0,6668.0,6461.0,6411.0,7645.0,8693.0,8459.0,8141.0,7929.0,7821.0,7068.0,6889.0,11020.0,11320.0,10500.0,10032.0,7666.0,6727.0,6768.0,6307.0,791.0,800.0,795.0,814.0,766.0,739.0,718.0,736.0,6055.0,6039.0,5691.0,5373.0
38.625,0.0,7589.0,7757.0,7332.0,7098.0,6516.0,7054.0,6946.0,6234.0,6932.0,7198.0,6914.0,6898.0,8357.0,9407.0,9086.0,8763.0,8493.0,8359.0,7645.0,7316.0,11980.0,12098.0,11409.0,10798.0,7266.0,6520.0,6445.0,5932.0,793.0,807.0,798.0,864.0,775.0,775.0,745.0,711.0,6355.0,6314.0,6011.0,5607.0
39.655,0.0,8227.0,8404.0,7914.0,7595.0,6930.0,7582.0,7393.0,6588.0,7407.0,7720.0,7257.0,7366.0,8891.0,10088.0,9829.0,9354.0,9091.0,8861.0,8018.0,7788.0,12784.0,13107.0,12286.0,11464.0,6964.0,6257.0,6036.0,5709.0,784.0,791.0,800.0,866.0,743.0,743.0,741.0,700.0,6555.0,6595.0,6245.0,5843.0
40.685,0.0,8959.0,9071.0,8577.0,8195.0,7320.0,8177.0,8179.0,7209.0,7973.0,8300.0,7838.0,7813.0,9634.0,11014.0,10741.0,10155.0,9902.0,9732.0,8802.0,8502.0,13884.0,14198.0,13214.0,12559.0,6741.0,5991.0,5809.0,5395.0,789.0,807.0,816.0,852.0,736.0,730.0,707.0,700.0,7034.0,6993.0,6682.0,6368.0
41.715,0.0,9845.0,10027.0,9427.0,9079.0,7757.0,8889.0,8759.0,7980.0,8770.0,9009.0,8525.0,8630.0,10627.0,12177.0,11730.0,11116.0,10880.0,10804.0,9763.0,9557.0,15189.0,15518.0,14495.0,13864.0,6595.0,5932.0,5639.0,5164.0,770.0,800.0,780.0,916.0,716.0,714.0,698.0,730.0,7580.0,7502.0,7305.0,6939.0
42.745000000000005,0.0,10889.0,11091.0,10518.0,10020.0,8241.0,9886.0,9798.0,9057.0,9707.0,9904.0,9416.0,9439.0,11720.0,13359.0,12916.0,12289.0,12055.0,11998.0,11021.0,10813.0,16570.0,17018.0,15827.0,15050.0,6495.0,5859.0,5620.0,5168.0,770.0,805.0,818.0,882.0,734.0,732.0,682.0,709.0,8100.0,7859.0,7857.0,7566.0
43.775,0.0,11845.0,12214.0,11609.0,11079.0,8913.0,11034.0,10809.0,10098.0,10554.0,10921.0,10377.0,10525.0,12557.0,14379.0,13859.0,13413.0,13109.0,13098.0,12057.0,11909.0,17952.0,18416.0,17107.0,16416.0,6632.0,6075.0,5780.0,5305.0,798.0,820.0,827.0,911.0,723.0,720.0,709.0,718.0,8543.0,8252.0,8327.0,8152.0
44.805,0.0,12859.0,13145.0,12539.0,11950.0,9239.0,11986.0,11941.0,11155.0,11229.0,11868.0,11338.0,11475.0,13227.0,15082.0,14641.0,14136.0,13957.0,13934.0,13029.0,12711.0,18914.0,19539.0,18248.0,17520.0,6882.0,6205.0,5936.0,5591.0,775.0,809.0,818.0,909.0,711.0,741.0,705.0,689.0,8757.0,8505.0,8534.0,8389.0
45.835,0.0,13643.0,13930.0,13473.0,12877.0,9532.0,13027.0,12770.0,12163.0,12039.0,12907.0,12205.0,12275.0,13754.0,15536.0,15188.0,14646.0,14448.0,14423.0,13466.0,13473.0,19407.0,19941.0,18814.0,17968.0,7150.0,6518.0,6232.0,6118.0,789.0,800.0,820.0,952.0,723.0,689.0,716.0,682.0,8755.0,8575.0,8748.0,8591.0
46.865,0.0,14386.0,14629.0,13923.0,13445.0,9746.0,13705.0,13452.0,12904.0,12866.0,13591.0,12861.0,12900.0,13875.0,15821.0,15384.0,14773.0,14763.0,14827.0,13800.0,13973.0,19584.0,20157.0,19098.0,18236.0,7575.0,6959.0,6632.0,6459.0,761.0,757.0,834.0,966.0,714.0,705.0,695.0,670.0,8714.0,8452.0,8598.0,8618.0
47.895,0.0,14934.0,15391.0,14563.0,14152.0,9982.0,14573.0,14229.0,13821.0,13571.0,14502.0,13720.0,13714.0,14138.0,16075.0,15489.0,15084.0,15016.0,15082.0,14211.0,14516.0,20077.0,20323.0,19314.0,18498.0,7925.0,7236.0,7020.0,6977.0,786.0,823.0,827.0,977.0,718.0,666.0,657.0,643.0,8507.0,8380.0,8361.0,8575.0
48.925000000000004,1.0,15550.0,16007.0,15184.0,14820.0,10379.0,15320.0,14989.0,14855.0,13882.0,15159.0,14405.0,14502.0,14005.0,16005.0,15689.0,15243.0,15198.0,15216.0,14334.0,14923.0,20098.0,20532.0,19418.0,18870.0,8316.0,7766.0,7616.0,7461.0,777.0,775.0,820.0,1002.0,705.0,723.0,670.0,673.0,8307.0,8152.0,8275.0,8318.0
49.955,1.0,16350.0,16743.0,15825.0,15404.0,10616.0,16227.0,15793.0,15798.0,14546.0,16041.0,15148.0,15327.0,14223.0,16252.0,15816.0,15589.0,15448.0,15702.0,14848.0,15345.0,20300.0,20850.0,19545.0,19075.0,8880.0,8098.0,8086.0,8157.0,750.0,832.0,841.0,1025.0,695.0,734.0,684.0,668.0,8066.0,8057.0,8125.0,8364.0
50.985,1.0,16775.0,17148.0,16241.0,15704.0,10684.0,16804.0,16541.0,16520.0,14836.0,16602.0,15775.0,15814.0,14030.0,16100.0,15725.0,15489.0,15454.0,15673.0,15102.0,15921.0,20193.0,20661.0,19570.0,19136.0,9295.0,8568.0,8516.0,8673.0,761.0,805.0,834.0,1055.0,691.0,668.0,700.0,680.0,7839.0,7725.0,7907.0,8352.0
52.015,1.0,16721.0,17130.0,16239.0,15684.0,10770.0,17070.0,16520.0,16900.0,14675.0,16757.0,16273.0,15921.0,13555.0,15554.0,15204.0,15038.0,14952.0,15166.0,14418.0,15496.0,19427.0,19936.0,19116.0,18652.0,9530.0,8686.0,8798.0,8845.0,768.0,802.0,836.0,1025.0,686.0,680.0,673.0,664.0,7352.0,7352.0,7416.0,7875.0
53.045,1.0,16096.0,16618.0,15764.0,15293.0,10441.0,16580.0,16089.0,16450.0,14155.0,16213.0,15495.0,15352.0,12654.0,14398.0,14221.0,14016.0,13854.0,14211.0,13604.0,14539.0,18002.0,18582.0,17745.0,17275.0,9159.0,8591.0,8514.0,8725.0,773.0,800.0,827.0,1032.0,668.0,659.0,639.0,636.0,6680.0,6675.0,6768.0,7027.0
54.075,1.0,15648.0,15838.0,15077.0,14596.0,10004.0,15891.0,15221.0,15491.0,13454.0,15405.0,14705.0,14679.0,11859.0,13202.0,13157.0,12909.0,12866.0,13121.0,12445.0,13263.0,16859.0,17225.0,16525.0,16139.0,8586.0,8034.0,8084.0,8180.0,759.0,795.0,855.0,1080.0,664.0,641.0,627.0,630.0,5964.0,5948.0,5966.0,6320.0
55.105000000000004,1.0,14850.0,15127.0,14413.0,13943.0,9741.0,15180.0,14454.0,14811.0,12682.0,14709.0,14121.0,14020.0,10902.0,12357.0,12096.0,11923.0,11941.0,12084.0,11459.0,12180.0,15536.0,16034.0,15398.0,14991.0,8114.0,7611.0,7457.0,7627.0,770.0,816.0,843.0,1084.0,648.0,623.0,632.0,591.0,5420.0,5493.0,5341.0,5689.0
56.135000000000005,1.0,13995.0,14311.0,13704.0,13291.0,9291.0,14289.0,13536.0,13579.0,11959.0,13859.0,13320.0,13214.0,10163.0,11491.0,11243.0,11273.0,11154.0,11102.0,10591.0,11093.0,14600.0,14916.0,14282.0,13791.0,7457.0,6873.0,7018.0,6930.0,718.0,761.0,793.0,1091.0,616.0,636.0,591.0,580.0,4886.0,4900.0,4893.0,5148.0
57.165000000000006,1.0,13455.0,13734.0,12966.0,12645.0,9025.0,13682.0,12698.0,12941.0,11229.0,12963.0,12671.0,12359.0,9514.0,10718.0,10575.0,10439.0,10418.0,10375.0,9848.0,10132.0,13582.0,13930.0,13461.0,13045.0,6780.0,6325.0,6286.0,6243.0,745.0,775.0,802.0,1077.0,620.0,614.0,595.0,570.0,4575.0,4516.0,4559.0,4586.0
58.19500000000001,1.0,12791.0,13034.0,12325.0,11898.0,8775.0,12816.0,12009.0,12082.0,10652.0,12230.0,12050.0,11625.0,9064.0,10148.0,10155.0,9891.0,9948.0,9700.0,9220.0,9263.0,13052.0,13255.0,12770.0,12327.0,6109.0,5643.0,5570.0,5561.0,700.0,814.0,800.0,1082.0,602.0,614.0,600.0,582.0,4241.0,4259.0,4255.0,4200.0
59.22500000000005,1.0,12079.0,12382.0,11768.0,11416.0,8570.0,12029.0,11211.0,11125.0,10021.0,11516.0,11327.0,10839.0,8595.0,9602.0,9443.0,9311.0,9175.0,9107.0,8539.0,8559.0,12289.0,12673.0,12227.0,11709.0,5443.0,5095.0,5032.0,4855.0,702.0,748.0,777.0,1082.0,573.0,595.0,555.0,566.0,4095.0,4048.0,3939.0,3905.0
60.25500000000005,0.0,11568.0,11709.0,11193.0,10788.0,8332.0,11318.0,10557.0,10213.0,9432.0,10923.0,10691.0,10236.0,8380.0,9239.0,9200.0,8921.0,8850.0,8738.0,8057.0,7786.0,11798.0,12316.0,11930.0,11395.0,4898.0,4555.0,4523.0,4243.0,695.0,736.0,800.0,1041.0,577.0,573.0,557.0,545.0,3930.0,3970.0,3793.0,3739.0
61.28500000000005,0.0,11050.0,11161.0,10686.0,10371.0,8127.0,10688.0,9825.0,9373.0,8943.0,10225.0,10125.0,9600.0,8093.0,8988.0,8814.0,8514.0,8439.0,8236.0,7413.0,7207.0,11389.0,11825.0,11382.0,10920.0,4411.0,4086.0,3966.0,3752.0,677.0,727.0,768.0,1050.0,555.0,552.0,539.0,518.0,3898.0,3889.0,3727.0,3459.0
62.315000000000055,0.0,10596.0,10816.0,10248.0,9896.0,8007.0,10154.0,9420.0,8923.0,8643.0,9646.0,9696.0,9214.0,7927.0,8666.0,8704.0,8361.0,8168.0,7900.0,7229.0,6657.0,11193.0,11539.0,11130.0,10782.0,4039.0,3716.0,3566.0,3325.0,673.0,741.0,798.0,1068.0,545.0,545.0,525.0,502.0,3927.0,3870.0,3591.0,3352.0
63.345000000000056,0.0,10441.0,10379.0,9977.0,9613.0,8091.0,9736.0,9009.0,8445.0,8468.0,9409.0,9368.0,8909.0,7930.0,8789.0,8739.0,8289.0,8113.0,7854.0,6977.0,6488.0,11202.0,11598.0,11157.0,10775.0,3730.0,3393.0,3264.0,3057.0,680.0,741.0,745.0,1061.0,550.0,541.0,500.0,473.0,3970.0,3923.0,3652.0,3305.0
64.37500000000006,0.0,10296.0,10400.0,9830.0,9513.0,8166.0,9568.0,8668.0,8164.0,8225.0,9229.0,9171.0,8795.0,8166.0,8968.0,8918.0,8484.0,8298.0,7973.0,7159.0,6355.0,11559.0,11898.0,11327.0,10927.0,3464.0,3145.0,3000.0,2748.0,702.0,745.0,791.0,1025.0,534.0,530.0,514.0,466.0,4255.0,4134.0,3964.0,3398.0
65.40500000000006,0.0,10438.0,10563.0,9914.0,9775.0,8664.0,9764.0,8836.0,8184.0,8348.0,9421.0,9307.0,8866.0,8804.0,9671.0,9579.0,9077.0,8961.0,8588.0,7639.0,6855.0,12482.0,12752.0,12241.0,11832.0,3280.0,3068.0,2895.0,2582.0,659.0,711.0,761.0,1048.0,557.0,541.0,507.0,452.0,4657.0,4605.0,4348.0,3832.0
66.43500000000006,0.0,10957.0,10814.0,10446.0,10057.0,9327.0,10132.0,9273.0,8679.0,8734.0,9877.0,9859.0,9279.0,9866.0,10750.0,10713.0,10100.0,9975.0,9771.0,8655.0,8013.0,13825.0,14300.0,13505.0,13264.0,3418.0,3064.0,2968.0,2666.0,645.0,727.0,741.0,1084.0,541.0,500.0,484.0,477.0,5323.0,5223.0,4957.0,4645.0
67.46500000000006,0.0,11384.0,11529.0,11005.0,10668.0,10141.0,10982.0,9934.0,9391.0,9313.0,10564.0,10359.0,10068.0,10934.0,11813.0,12021.0,11546.0,11316.0,11150.0,10016.0,9482.0,15514.0,15993.0,15384.0,15098.0,3689.0,3295.0,3170.0,2852.0,670.0,714.0,761.0,1036.0,550.0,507.0,498.0,464.0,6209.0,5982.0,5886.0,5570.0
68.49500000000006,0.0,11989.0,12141.0,11552.0,11264.0,11036.0,11763.0,10789.0,10441.0,10021.0,11361.0,11316.0,10909.0,12111.0,13252.0,13509.0,12895.0,12773.0,12777.0,11671.0,11116.0,17177.0,17886.0,17211.0,16993.0,4189.0,3789.0,3593.0,3427.0,650.0,709.0,759.0,1041.0,514.0,505.0,470.0,448.0,7198.0,6841.0,6750.0,6659.0
69.52500000000006,0.0,12777.0,12913.0,12359.0,11998.0,11984.0,12625.0,11732.0,11336.0,10684.0,12229.0,12188.0,11711.0,13157.0,14373.0,14777.0,14150.0,14257.0,14213.0,13084.0,12654.0,18732.0,19577.0,18964.0,18709.0,4809.0,4414.0,4273.0,4089.0,666.0,743.0,755.0,1048.0,520.0,505.0,475.0,448.0,8102.0,7643.0,7718.0,7636.0
70.55500000000006,0.0,13455.0,13579.0,13004.0,12650.0,12877.0,13539.0,12539.0,12370.0,11430.0,13029.0,12852.0,12505.0,14277.0,15564.0,16077.0,15350.0,15546.0,15638.0,14477.0,14182.0,20182.0,21245.0,20539.0,20532.0,5498.0,5034.0,4970.0,4811.0,650.0,743.0,766.0,1093.0,500.0,473.0,457.0,461.0,8770.0,8405.0,8498.0,8473.0
71.58500000000006,0.0,14059.0,14263.0,13589.0,13164.0,13627.0,14227.0,13177.0,13193.0,12084.0,13564.0,13489.0,13195.0,14830.0,16334.0,16927.0,16241.0,16554.0,16607.0,15518.0,15332.0,21407.0,22416.0,21573.0,21743.0,6245.0,5791.0,5655.0,5561.0,645.0,732.0,789.0,1093.0,518.0,491.0,468.0,420.0,9239.0,8852.0,9064.0,9170.0
72.61500000000007,1.0,14639.0,14925.0,14138.0,13789.0,14241.0,14850.0,13896.0,14029.0,12511.0,14418.0,14013.0,13786.0,15555.0,16966.0,17620.0,17020.0,17588.0,17754.0,16470.0,16459.0,22186.0,23418.0,22657.0,22750.0,6823.0,6477.0,6361.0,6375.0,657.0,707.0,791.0,1175.0,541.0,507.0,468.0,455.0,9664.0,9375.0,9523.0,9650.0
73.64500000000007,1.0,15079.0,15563.0,14818.0,14325.0,14855.0,15446.0,14495.0,14709.0,13004.0,14927.0,14609.0,14284.0,15902.0,17475.0,18232.0,17789.0,18188.0,18602.0,17352.0,17441.0,22950.0,24232.0,23491.0,23639.0,7345.0,7009.0,6861.0,7014.0,680.0,709.0,768.0,1170.0,516.0,484.0,486.0,450.0,9864.0,9659.0,9895.0,10025.0
74.67500000000007,1.0,15480.0,15955.0,15095.0,14711.0,15329.0,15859.0,14975.0,15468.0,13482.0,15311.0,14943.0,14820.0,16425.0,18050.0,18695.0,18186.0,18973.0,19364.0,18070.0,18584.0,23486.0,24850.0,24232.0,24334.0,7966.0,7607.0,7457.0,7691.0,677.0,718.0,795.0,1200.0,502.0,500.0,475.0,448.0,10164.0,9791.0,10132.0,10352.0
75.70500000000007,1.0,15639.0,15950.0,15227.0,14786.0,15623.0,15920.0,15070.0,15439.0,13518.0,15338.0,14996.0,14761.0,16159.0,17943.0,18523.0,18082.0,18809.0,19252.0,18104.0,18545.0,23189.0,24609.0,23955.0,24193.0,8164.0,7834.0,7741.0,8009.0,641.0,734.0,800.0,1248.0,484.0,466.0,473.0,436.0,9825.0,9598.0,9880.0,10148.0
76.73500000000007,1.0,15263.0,15295.0,14871.0,14388.0,15298.0,15363.0,14639.0,15014.0,13161.0,14696.0,14252.0,14295.0,15402.0,17023.0,17854.0,17346.0,18036.0,18357.0,17223.0,17730.0,22289.0,23520.0,22807.0,23139.0,7902.0,7680.0,7570.0,7934.0,661.0,739.0,798.0,1252.0,475.0,461.0,459.0,405.0,9125.0,8920.0,9239.0,9368.0
77.76500000000007,1.0,14271.0,14832.0,14089.0,13671.0,14588.0,14432.0,13741.0,13943.0,12286.0,13989.0,13396.0,13304.0,14113.0,15721.0,16477.0,16004.0,16750.0,17002.0,15782.0,16173.0,20500.0,21793.0,21225.0,21511.0,7439.0,7114.0,7123.0,7250.0,639.0,725.0,782.0,1270.0,464.0,450.0,420.0,393.0,8293.0,8016.0,8248.0,8489.0
78.79500000000007,1.0,13698.0,13946.0,13280.0,12946.0,13898.0,13480.0,12911.0,13196.0,11630.0,12909.0,12482.0,12463.0,13218.0,14546.0,15095.0,14791.0,15354.0,15600.0,14666.0,14882.0,18907.0,19911.0,19352.0,19625.0,6693.0,6525.0,6461.0,6618.0,634.0,730.0,766.0,1239.0,448.0,423.0,411.0,368.0,7348.0,7232.0,7359.0,7516.0
79.82500000000007,1.0,12754.0,13239.0,12625.0,12229.0,13102.0,12570.0,12229.0,12193.0,10830.0,12111.0,11680.0,11671.0,12096.0,13430.0,13900.0,13575.0,14307.0,14371.0,13332.0,13541.0,17302.0,18486.0,18093.0,18223.0,6045.0,5861.0,5757.0,5952.0,630.0,709.0,739.0,1239.0,443.0,391.0,380.0,375.0,6636.0,6468.0,6541.0,6761.0
80.85500000000008,1.0,12213.0,12464.0,11921.0,11477.0,12370.0,11780.0,11295.0,11284.0,10146.0,11334.0,10907.0,10846.0,11109.0,12407.0,12800.0,12436.0,13116.0,13029.0,12066.0,12200.0,16075.0,16930.0,16441.0,16568.0,5259.0,5130.0,5075.0,5132.0,582.0,682.0,732.0,1191.0,393.0,393.0,395.0,352.0,5875.0,5730.0,5839.0,5920.0
81.88500000000008,1.0,11532.0,11713.0,11177.0,10796.0,11743.0,10977.0,10577.0,10364.0,9505.0,10632.0,10098.0,9996.0,10211.0,11398.0,11688.0,11479.0,12025.0,11911.0,10941.0,11059.0,14750.0,15648.0,15218.0,15007.0,4639.0,4550.0,4345.0,4430.0,582.0,650.0,714.0,1195.0,395.0,395.0,357.0,332.0,5243.0,5200.0,5259.0,5230.0
82.91500000000008,1.0,10741.0,11027.0,10432.0,10166.0,10941.0,10041.0,9780.0,9552.0,8755.0,9698.0,9416.0,9254.0,9346.0,10536.0,10663.0,10434.0,10955.0,10963.0,9907.0,9957.0,13445.0,14361.0,13861.0,13877.0,4030.0,3945.0,3736.0,3793.0,570.0,655.0,720.0,1155.0,368.0,366.0,345.0,334.0,4605.0,4580.0,4645.0,4677.0
83.94500000000008,1.0,10193.0,10402.0,9861.0,9625.0,10295.0,9359.0,9023.0,8845.0,8245.0,9091.0,8748.0,8629.0,8748.0,9634.0,9927.0,9591.0,10057.0,9929.0,9143.0,8963.0,12341.0,13193.0,12725.0,12786.0,3436.0,3425.0,3334.0,3357.0,561.0,632.0,673.0,1111.0,364.0,368.0,327.0,307.0,4209.0,4207.0,4216.0,4134.0
84.97500000000008,0.0,9461.0,9705.0,9257.0,9088.0,9707.0,8652.0,8525.0,8166.0,7700.0,8443.0,8111.0,7946.0,8073.0,9013.0,9164.0,8963.0,9214.0,9114.0,8223.0,8116.0,11489.0,12202.0,12043.0,11655.0,3043.0,2964.0,2861.0,2877.0,550.0,632.0,682.0,1089.0,348.0,332.0,316.0,280.0,3855.0,3866.0,3755.0,3718.0
86.00500000000008,0.0,9059.0,9311.0,8861.0,8564.0,9175.0,8189.0,7809.0,7536.0,7259.0,7868.0,7596.0,7534.0,7605.0,8443.0,8602.0,8243.0,8586.0,8455.0,7546.0,7439.0,10775.0,11434.0,11120.0,11034.0,2691.0,2607.0,2555.0,2559.0,530.0,580.0,675.0,1045.0,330.0,311.0,289.0,261.0,3586.0,3477.0,3386.0,3348.0
